ba0a3291146d05e79db7a21c6b883fadbed894b2,DELETE,regular-file,src/python_util/__pycache__/__init__.cpython-310.pyc,179,
2ee3e33b4d3cdf394471fe531f8b5ff30bb25bcd,DELETE,regular-file,src/python_util/collections/__pycache__/__init__.cpython-310.pyc,191,
568d4b4608015b6078991c8216242c51dfa1fae6,DELETE,regular-file,src/python_util/collections/__pycache__/collection_util.cpython-310.pyc,2065,
0adccdb614c7dddd1c1c306283fa082e30dbf0de,DELETE,regular-file,src/python_util/collections/__pycache__/cyclic_registrations.cpython-310.pyc,7370,
ad54fdbafbc4e90b99240aedf7c67068e49eef9b,DELETE,regular-file,src/python_util/collections/__pycache__/last_n_historical_dict.cpython-310.pyc,2032,
cd7ef9e5d5dd8a38b26e7c99d449bb95053218b6,DELETE,regular-file,src/python_util/collections/__pycache__/pattern_keeping_list.cpython-310.pyc,7693,
79e6dd1b0bc9a529e30318bc14266d6dbd514ff2,DELETE,regular-file,src/python_util/concurrent/__pycache__/__init__.cpython-310.pyc,190,
17e240e04dd911fbfec717913539b01790d3f350,DELETE,regular-file,src/python_util/concurrent/__pycache__/synchronized_lock_stripe.cpython-310.pyc,1479,
edf1b01914b9184de517b24a1f9b165895d9c5d6,DELETE,regular-file,src/python_util/copy_clone_util/__pycache__/__init__.cpython-310.pyc,195,
80ae173650f66ba1f0b4057af3d92c3053f3f997,DELETE,regular-file,src/python_util/copy_clone_util/__pycache__/copy_override.cpython-310.pyc,426,
7dc5c47819923bab760ab6d5669d229375e034d9,DELETE,regular-file,src/python_util/graph_util/__pycache__/__init__.cpython-310.pyc,190,
3324db9650f62b8a48021d6b3fd00281b9693602,DELETE,regular-file,src/python_util/graph_util/__pycache__/graph_utils.cpython-310.pyc,4646,
6d9f37e1977906e536e9439ad8794cf8fd07cafc,DELETE,regular-file,src/python_util/io_utils/__pycache__/__init__.cpython-310.pyc,188,
7ff092072d0594e83c4df28a780a111ec0cf9c65,DELETE,regular-file,src/python_util/io_utils/__pycache__/file_dirs.cpython-310.pyc,3611,
920a62827d65f8293ab75dbbb074cf869175b301,DELETE,regular-file,src/python_util/io_utils/__pycache__/file_streamer.cpython-310.pyc,2259,
d9a700d9a2ed77e667d7499abe191563cca7f7cd,DELETE,regular-file,src/python_util/io_utils/__pycache__/io.cpython-310.pyc,1017,
4be449738891d7fa21af3fac179d77d6118053d2,DELETE,regular-file,src/python_util/logger/__pycache__/__init__.cpython-310.pyc,186,
b910e91bcb9749ffdebb8344be9528385e42f55b,DELETE,regular-file,src/python_util/logger/__pycache__/log_level.cpython-310.pyc,844,
594aca88f28a067712933e9f42830b90c7bef753,DELETE,regular-file,src/python_util/logger/__pycache__/logger.cpython-310.pyc,1424,
c0c947281c7c2404971a382ce020c6bcdc96720f,DELETE,regular-file,src/python_util/ordered/__pycache__/__init__.cpython-310.pyc,187,
2c2f0e298cfabe797f924e8665d4ec1f7fc4a367,DELETE,regular-file,src/python_util/ordered/__pycache__/ordering.cpython-310.pyc,526,
2022ee55c0a0f891f824b279b1eecb8951f056d1,DELETE,regular-file,src/python_util/reflection/__pycache__/__init__.cpython-310.pyc,190,
c78c722461f1834f9ab829e02354fd630db9b984,DELETE,regular-file,src/python_util/reflection/__pycache__/reflection_utils.cpython-310.pyc,3231,
bc933efbdfac775d0d4715d0dda1d079e56c9401,DELETE,regular-file,src/python_util/torch_utils/__pycache__/__init__.cpython-310.pyc,191,
cf5e0847784ec7520aef50e9639f33af647917d2,DELETE,regular-file,src/python_util/torch_utils/__pycache__/masking.cpython-310.pyc,12550,
f39e952f1314a267bbd96a5399ca92202a48c352,DELETE,regular-file,src/python_util/torch_utils/__pycache__/padding.cpython-310.pyc,2975,
7de871e43188d409c4e38006bc71f93df5cd6e4d,DELETE,regular-file,src/python_util/torch_utils/__pycache__/pytorch_util.cpython-310.pyc,7340,
0f724c6fd6351a574fb303ff8e89d429ee8f6f40,DELETE,regular-file,src/python_util/torch_utils/__pycache__/split_sequences.cpython-310.pyc,8879,
7ebf603eebacf3fc143a18df297718aecb9c1b62,DELETE,regular-file,src/python_util/torch_utils/__pycache__/top_bottom_k_sparse.cpython-310.pyc,788,
